fold,field,class,precision,recall,f1_score,support
3,nodule shape,irregular,0.2,0.16666666666666666,0.18181818181818182,6.0
3,nodule shape,lobulated,0.0,0.0,0.0,1.0
3,nodule shape,round/oval,0.5,0.25,0.3333333333333333,4.0
3,nodule shape,spiculated,0.5,0.4444444444444444,0.47058823529411764,9.0
3,nodule shape,macro avg,0.3,0.21527777777777776,0.2464349376114082,20.0
3,nodule shape,weighted avg,0.385,0.3,0.3329768270944741,20.0
3,nodule density,groundglass,0.0,0.0,0.0,1.0
3,nodule density,part-solid,0.3333333333333333,0.25,0.2857142857142857,8.0
3,nodule density,solid,0.5833333333333334,0.6363636363636364,0.6086956521739131,11.0
3,nodule density,macro avg,0.3055555555555556,0.29545454545454547,0.2981366459627329,20.0
3,nodule density,weighted avg,0.4541666666666667,0.45,0.44906832298136645,20.0
3,infiltration,nan,0.42857142857142855,0.3,0.35294117647058826,10.0
3,infiltration,no,0.5454545454545454,0.75,0.631578947368421,8.0
3,infiltration,yes,0.0,0.0,0.0,2.0
3,infiltration,macro avg,0.3246753246753247,0.35000000000000003,0.3281733746130031,20.0
3,infiltration,weighted avg,0.4324675324675324,0.45,0.42910216718266253,20.0
3,cdiff,moderatelly differentiated,0.45454545454545453,0.5555555555555556,0.5,9.0
3,cdiff,nan,0.25,0.25,0.25,8.0
3,cdiff,poorly differentiated,0.0,0.0,0.0,1.0
3,cdiff,well differentiated,0.0,0.0,0.0,2.0
3,cdiff,macro avg,0.17613636363636365,0.2013888888888889,0.1875,20.0
3,cdiff,weighted avg,0.30454545454545456,0.35,0.325,20.0
