fold,field,class,precision,recall,f1_score,support
4,nodule shape,irregular,0.2,0.1,0.13333333333333333,10.0
4,nodule shape,lobulated,0.0,0.0,0.0,1.0
4,nodule shape,round/oval,0.5,0.75,0.6,4.0
4,nodule shape,spiculated,0.2,0.2,0.2,5.0
4,nodule shape,macro avg,0.22499999999999998,0.2625,0.23333333333333334,20.0
4,nodule shape,weighted avg,0.25,0.25,0.23666666666666666,20.0
4,nodule density,groundglass,0.0,0.0,0.0,2.0
4,nodule density,part-solid,0.25,0.2857142857142857,0.26666666666666666,7.0
4,nodule density,solid,0.6,0.5454545454545454,0.5714285714285714,11.0
4,nodule density,macro avg,0.2833333333333333,0.27705627705627706,0.2793650793650793,20.0
4,nodule density,weighted avg,0.4175,0.4,0.4076190476190476,20.0
4,infiltration,nan,0.4,0.6666666666666666,0.5,6.0
4,infiltration,no,0.75,0.46153846153846156,0.5714285714285714,13.0
4,infiltration,yes,0.0,0.0,0.0,1.0
4,infiltration,macro avg,0.3833333333333333,0.37606837606837606,0.35714285714285715,20.0
4,infiltration,weighted avg,0.6075,0.5,0.5214285714285714,20.0
4,cdiff,moderatelly differentiated,0.6,0.6666666666666666,0.631578947368421,9.0
4,cdiff,nan,0.5,0.4,0.4444444444444444,5.0
4,cdiff,poorly differentiated,0.5,0.3333333333333333,0.4,3.0
4,cdiff,well differentiated,0.5,0.6666666666666666,0.5714285714285714,3.0
4,cdiff,macro avg,0.525,0.5166666666666666,0.5118629908103591,20.0
4,cdiff,weighted avg,0.5449999999999999,0.55,0.5410359231411863,20.0
