fold;field;class;precision;recall;f1_score;support
1;nodule shape;irregular;0.2857142857142857;0.2857142857142857;0.2857142857142857;7.0
1;nodule shape;lobulated;0.0;0.0;0.0;3.0
1;nodule shape;round/oval;0.25;0.3333333333333333;0.2857142857142857;3.0
1;nodule shape;spiculated;0.375;0.375;0.375;8.0
1;nodule shape;macro avg;0.22767857142857142;0.24851190476190477;0.23660714285714285;21.0
1;nodule shape;weighted avg;0.27380952380952384;0.2857142857142857;0.27891156462585037;21.0
1;nodule density;nan;0.0;0.0;0.0;0.0
1;nodule density;part-solid;0.36363636363636365;0.8;0.5;5.0
1;nodule density;solid;0.875;0.4375;0.5833333333333334;16.0
1;nodule density;macro avg;0.4128787878787879;0.41250000000000003;0.36111111111111116;21.0
1;nodule density;weighted avg;0.7532467532467533;0.5238095238095238;0.5634920634920635;21.0
1;infiltration;nan;0.625;0.45454545454545453;0.5263157894736842;11.0
1;infiltration;no;0.5;0.5;0.5;8.0
1;infiltration;yes;0.0;0.0;0.0;2.0
1;infiltration;macro avg;0.375;0.3181818181818182;0.3421052631578947;21.0
1;infiltration;weighted avg;0.5178571428571429;0.42857142857142855;0.46616541353383456;21.0
1;cdiff;moderatelly differentiated;0.5555555555555556;0.625;0.5882352941176471;8.0
1;cdiff;nan;0.42857142857142855;0.3;0.35294117647058826;10.0
1;cdiff;poorly differentiated;0.0;0.0;0.0;1.0
1;cdiff;well differentiated;0.0;0.0;0.0;2.0
1;cdiff;macro avg;0.24603174603174605;0.23125;0.23529411764705882;21.0
1;cdiff;weighted avg;0.4157218442932729;0.38095238095238093;0.3921568627450981;21.0
