fold,field,class,precision,recall,f1_score,support
2,nodule shape,irregular,0.2,0.5,0.2857142857142857,4.0
2,nodule shape,lobulated,0.0,0.0,0.0,4.0
2,nodule shape,round/oval,0.3333333333333333,0.5,0.4,2.0
2,nodule shape,spiculated,0.8333333333333334,0.45454545454545453,0.5882352941176471,11.0
2,nodule shape,macro avg,0.3416666666666667,0.36363636363636365,0.31848739495798317,21.0
2,nodule shape,weighted avg,0.5063492063492064,0.38095238095238093,0.400640256102441,21.0
2,nodule density,groundglass,0.0,0.0,0.0,2.0
2,nodule density,nan,0.0,0.0,0.0,2.0
2,nodule density,part-solid,0.375,0.42857142857142855,0.4,7.0
2,nodule density,solid,0.4166666666666667,0.5,0.45454545454545453,10.0
2,nodule density,macro avg,0.19791666666666669,0.23214285714285715,0.21363636363636362,21.0
2,nodule density,weighted avg,0.32341269841269843,0.38095238095238093,0.3497835497835498,21.0
2,infiltration,nan,0.42857142857142855,0.375,0.4,8.0
2,infiltration,no,0.6153846153846154,0.6666666666666666,0.64,12.0
2,infiltration,yes,0.0,0.0,0.0,1.0
2,infiltration,macro avg,0.347985347985348,0.34722222222222215,0.3466666666666667,21.0
2,infiltration,weighted avg,0.5149136577708007,0.5238095238095238,0.518095238095238,21.0
2,cdiff,moderatelly differentiated,0.375,0.375,0.375,8.0
2,cdiff,nan,0.2,0.125,0.15384615384615385,8.0
2,cdiff,poorly differentiated,0.2,0.5,0.2857142857142857,2.0
2,cdiff,well differentiated,0.0,0.0,0.0,3.0
2,cdiff,macro avg,0.19374999999999998,0.25,0.2036401098901099,21.0
2,cdiff,weighted avg,0.23809523809523808,0.23809523809523808,0.22867608581894294,21.0
