fold,field,class,precision,recall,f1_score,support
5,nodule shape,irregular,0.5384615384615384,0.7777777777777778,0.6363636363636364,9.0
5,nodule shape,lobulated,0.0,0.0,0.0,3.0
5,nodule shape,round/oval,0.5,0.3333333333333333,0.4,3.0
5,nodule shape,spiculated,0.5,0.4,0.4444444444444444,5.0
5,nodule shape,macro avg,0.3846153846153846,0.37777777777777777,0.3702020202020202,20.0
5,nodule shape,weighted avg,0.44230769230769235,0.5,0.45747474747474753,20.0
5,nodule density,groundglass,0.0,0.0,0.0,1.0
5,nodule density,nan,0.0,0.0,0.0,0.0
5,nodule density,part-solid,0.0,0.0,0.0,2.0
5,nodule density,solid,0.8461538461538461,0.6470588235294118,0.7333333333333333,17.0
5,nodule density,macro avg,0.21153846153846154,0.16176470588235295,0.18333333333333332,20.0
5,nodule density,weighted avg,0.7192307692307692,0.55,0.6233333333333333,20.0
5,infiltration,nan,0.6,0.3,0.4,10.0
5,infiltration,no,0.4166666666666667,0.625,0.5,8.0
5,infiltration,yes,0.0,0.0,0.0,2.0
5,infiltration,macro avg,0.33888888888888885,0.30833333333333335,0.3,20.0
5,infiltration,weighted avg,0.4666666666666667,0.4,0.4,20.0
5,cdiff,moderatelly differentiated,0.42857142857142855,0.42857142857142855,0.42857142857142855,7.0
5,cdiff,nan,0.4,0.25,0.3076923076923077,8.0
5,cdiff,poorly differentiated,0.0,0.0,0.0,2.0
5,cdiff,well differentiated,0.0,0.0,0.0,3.0
5,cdiff,macro avg,0.20714285714285713,0.16964285714285715,0.18406593406593408,20.0
5,cdiff,weighted avg,0.31,0.25,0.2730769230769231,20.0
